Hochschulname;Anzahl_Studierende;Gruendungsjahr;Promotionsrecht;Habilitationsrecht;Straße;PLZ;Ort;ID_Typ;Bundesland
Fachhochschule Aachen;14086;1971;0;0;Bayernallee 11;52066;Aachen;101;5
Rheinisch-Westfälische Technische Hochschule Aachen;45527;1870;1;1;Templergraben 55;52062;Aachen;201;5
Hochschule Aalen - Technik und Wirtschaft;4559;1962;0;0;Beethovenstraße 1;73430;Aalen;101;8
Hochschule Albstadt-Sigmaringen;2666;1971;0;0;Anton-Günther-Straße 51;72488;Sigmaringen;101;8
Alanus Hochschule für Kunst und Gesellschaft;1564;1973;1;0;Villestraße 3;53347;Alfter;302;5
Ostbayerische Technische Hochschule Amberg-Weiden;4077;1994;1;0;Kaiser-Wilhelm-Ring 23;92224;Amberg;101;9
Hochschule Anhalt - Anhalt University of Applied Sciences;7067;1991;1;0;Bernburger Straße 55;6366;Köthen;101;15
Hochschule für angewandte Wissenschaften Ansbach;3898;1996;1;0;Residenzstraße 8;91522;Ansbach;101;9
Technische Hochschule Aschaffenburg;3559;1995;0;0;Würzburger Straße 45;63743;Aschaffenburg;101;9
Technische Hochschule Augsburg;7025;1710;0;0;An der Hochschule 1;86161;Augsburg;101;9
Universität Augsburg;19089;1970;1;1;Universitätsstraße 2;86159;Augsburg;201;9
EHIP - Europäische Hochschule für Innovation und Perspektive;;2022;0;0;Willy-Brandt-Platz 2;71522;Backnang;102;8
Hochschule für Polizei Baden-Württemberg;2337;;0;0;Sturmbühlstraße 250;78054;Villingen-Schwenningen;401;8
Hochschule für Rechtspflege Schwetzingen;716;1953;0;0;Karlsruher Straße 2;68723;Schwetzingen;401;8
Hochschule für öffentliche Verwaltung und Finanzen Ludwigsburg;2792;1999;0;0;Reuteallee 36;71634;Ludwigsburg;401;8
Hochschule für öffentliche Verwaltung Kehl;1421;1971;0;0;Kinzigallee 1;77694;Kehl;401;8
accadis Hochschule Bad Homburg;448;1980;0;0;SÜDCAMPUS Bad Homburg Am Weidenring 4;61352;Bad Homburg;102;6
Internationale Hochschule Liebenzell (IHL);305;2011;0;0;Heinrich-Coerper-Weg 11;75378;Bad Liebenzell;102;8
Otto-Friedrich-Universität Bamberg;10734;1647;1;1;Kapuzinerstr. 25;96047;Bamberg;201;9
Hochschule für den öffentlichen Dienst in Bayern;4907;;0;0;Wagmüllerstraße 20;80538;München;401;9
Hochschule für evangelische Kirchenmusik der Evangelisch-Lutherischen Kirche in Bayern;26;2000;0;0;Wilhelminenstraße 9;95444;Bayreuth;303;9
Universität Bayreuth;11924;1972;1;1;Universitätsstraße 30;95447;Bayreuth;201;9
Akkon-Hochschule;1406;2009;0;0;Colditzstraße 34-36;12099;Berlin;102;11
Alice Salomon Hochschule Berlin;4299;1971;0;0;Alice-Salomon-Platz 5;12627;Berlin;101;11
bbw Hochschule;822;2007;0;0;Wagner-Régeny-Straße 21;12489;Berlin;102;11
Bard College Berlin, A Liberal Arts University;312;1999;0;0;Platanenstrasse 24;13156;Berlin;202;11
Berliner Hochschule für Technik;12296;1971;0;0;Luxemburger Str. 10;13353;Berlin;101;11
Berlin International University of Applied Sciences;530;2014;0;0;Salzufer 6;10587;Berlin;102;11
Barenboim-Said Akademie;77;2016;0;0;Französische Straße 33D;10117;Berlin;302;11
BSP Business and Law School - Hochschule für Management und Recht;1750;2009;0;0;Calandrellistraße 1-9;12247;Berlin;102;11
CODE University of Applied Sciences;610;2017;0;0;Lohmühlenstr. 65;12435;Berlin;102;11
Digital Business University of Applied Sciences;282;2018;0;0;Oranienstr. 185;10999;Berlin;102;11
DHGS Deutsche Hochschule für Gesundheit und Sport;1865;2007;0;0;Franklinstr. 28-29;10587;Berlin;102;11
ESCP Europe Wirtschaftshochschule Berlin e.V.;1254;1819;1;0;Heubnerweg 8-10;14059;Berlin;202;11
ESMT European School of Management and Technology;820;2002;1;0;Schlossplatz 1;10178;Berlin;202;11
Evangelische Hochschule Berlin;1696;1904;0;0;Teltower Damm 118-122;14167;Berlin;103;11
Touro College Berlin;129;2003;0;0;Am Rupenhorn 5;14055;Berlin;102;11
Freie Universität Berlin;42090;1948;1;1;Kaiserswerther Str. 16-18;14195;Berlin;201;11
Hertie School;716;2004;1;0;Quartier 110, Friedrichstraße 180;10117;Berlin;202;11
Hochschule für Musik Hanns Eisler Berlin;556;1950;0;0;Charlottenstraße 55;10117;Berlin;301;11
Hochschule für Schauspielkunst Ernst Busch;222;1905;0;0;Zinnowitzer Straße 11;10115;Berlin;301;11
HMKW Hochschule für Medien, Kommunikation und Wirtschaft;2038;2008;0;0;Ackerstraße 76;13355;Berlin;102;11
Hochschule für Soziale Arbeit und Pädagogik (HSAP) gemeinnützige Betriebsgesellschaft mbH;561;2013;0;0;Alt-Stralau 37-39;10245;Berlin;102;11
Hochschule für Technik und Wirtschaft Berlin;14523;1994;0;0;Treskowallee 8;10318;Berlin;101;11
Humboldt-Universität zu Berlin;40144;1810;1;1;Unter den Linden 6;10117;Berlin;201;11
Hochschule für Wirtschaft und Recht Berlin;11454;1971;0;0;Badensche Straße 52;10825;Berlin;101;11
IB Hochschule für Gesundheit und Soziales;512;2006;0;0;Warener Str. 7 c/o BG Klinikum Unfallkrankenhaus Berlin gGmbH;12683;Berlin;102;11
International Psychoanalytic University Berlin;872;2009;0;0;Stromstr. 3b;10555;Berlin;202;11
Katholische Hochschule für Sozialwesen Berlin (KHSB) - Staatlich anerkannte Fachhochschule für Sozialwesen;1219;1991;0;0;Köpenicker Allee 39-57;10318;Berlin;103;11
Mediadesign Hochschule für Design und Informatik;751;2004;0;0;Franklinstraße 28 - 29;10587;Berlin;102;11
Medical School Berlin - Hochschule für Gesundheit und Medizin (MSB);2840;2012;0;0;Rüdesheimer Str. 50;14197;Berlin;102;11
Psychologische Hochschule Berlin (PHB);731;2010;0;0;Am Köllnischen Park 2;10179;Berlin;202;11
Quadriga Hochschule Berlin;112;;0;0;Werderscher Markt 13;10117;Berlin;102;11
SRH Berlin University of Applied Sciences;2868;2002;0;0;Ernst-Reuter-Platz 10;10587;Berlin;102;11
Technische Universität Berlin;35101;1879;1;1;Straße des 17. Juni 135;10623;Berlin;201;11
Universität der Künste Berlin;4191;1699;1;1;Einsteinufer 43;10587;Berlin;301;11
VICTORIA | Internationale Hochschule;586;2011;0;0;Bernburger Straße 24-25;10963;Berlin;102;11
weißensee kunsthochschule berlin;823;1946;0;0;Bühringstraße 20;13086;Berlin;301;11
Hochschule Biberach - Architektur und Bauwesen, Betriebswirtschaft und Biotechnologie;2270;1964;0;0;Karlstraße 11;88400;Biberach;101;8
Fachhochschule der Diakonie - Diaconia - University of Applied Sciences;754;2006;0;0;Bethelweg 8;33617;Bielefeld;103;5
Fachhochschule des Mittelstands (FHM);5550;2000;0;0;Ravensberger Straße 10 G;33602;Bielefeld;102;5
Hochschule Bielefeld - University of Applied Sciences and Arts (HSBI);10538;1971;0;0;Interaktion 1;33619;Bielefeld;101;5
Universität Bielefeld;23539;1969;1;1;Universitätsstraße 25;33615;Bielefeld;201;5
Technische Hochschule Bingen;2433;1897;0;0;Berlinstraße 109;55411;Bingen;101;7
EBZ Business School - University of Applied Sciences;1114;2008;0;0;Springorumallee 20;44795;Bochum;102;5
Hochschule Bochum - University of Applied Sciences;7695;1971;0;0;Am Hochschulcampus 1;44801;Bochum;101;5
Hochschule für Gesundheit - University of Applied Sciences;1808;2009;0;0;Gesundheitscampus 6-8;44801;Bochum;101;5
Evangelische Hochschule Rheinland-Westfalen-Lippe;2558;1971;0;0;Immanuel-Kant-Straße 18-20;44803;Bochum;103;5
Technische Hochschule Georg Agricola;2316;1816;0;0;Herner Straße 45;44787;Bochum;102;5
Ruhr-Universität Bochum;38939;1962;1;1;Universitätsstraße 150;44801;Bochum;201;5
Hochschule für Finanzwirtschaft & Management;710;2003;0;0;Simrockstraße 4;53113;Bonn;102;5
Hochschule Bonn-Rhein-Sieg, University of Applied Sciences;9070;1995;0;0;Grantham-Allee 20;53757;Sankt Augustin;101;5
Rheinische Friedrich-Wilhelms-Universität Bonn;34630;1818;1;1;Regina-Pacis-Weg 3;53113;Bonn;201;5
Fachhochschule für Finanzen Brandenburg;978;1991;0;0;Schillerstraße 6;15711;Königs Wusterhausen;401;12
Fachhochschule der Polizei Brandenburg;763;1998;0;0;Bernauer Str. 146;16515;Oranienburg;401;12
Technische Hochschule Brandenburg;2217;1992;0;0;Magdeburger Straße 50;14770;Brandenburg;101;12
Hochschule für Bildende Künste Braunschweig;931;1963;1;1;Johannes-Selenka-Platz 1;38118;Braunschweig;301;3
Technische Universität Carolo-Wilhelmina zu Braunschweig;16155;1745;1;1;Universitätsplatz 2;38106;Braunschweig;201;3
Constructor University;1483;1999;1;0;Campus Ring 1;28759;Bremen;202;4
APOLLON Hochschule der Gesundheitswirtschaft;3365;2005;0;0;Universitätsallee 18;28359;Bremen;102;4
Hochschule Bremen;8672;1982;0;0;Neustadtwall 30;28199;Bremen;101;4
Hochschule für Künste Bremen;1011;1873;0;0;Am Speicher XI 8;28217;Bremen;301;4
Universität Bremen;18335;1971;1;1;Bibliothekstraße 1;28359;Bremen;201;4
Hochschule für Öffentliche Verwaltung Bremen;648;1979;0;0;Doventorscontrescarpe 172c;28195;Bremen;401;4
Hochschule Bremerhaven;2816;1975;0;0;An der Karlstadt 8;27568;Bremerhaven;101;4
Europäische Fachhochschule Rhein/Erft, european university of applied sciences;2180;2001;0;0;Kaiserstraße 6;50321;Brühl;102;5
Hochschule des Bundes für öffentliche Verwaltung;9195;1979;0;0;Willy-Brandt-Straße 1;50321;Brühl;401;5
hochschule 21;1067;2005;0;0;Harburger Straße 6;21614;Buxtehude;102;3
Technische Universität Chemnitz;8380;1836;1;1;Straße der Nationen 62;9111;Chemnitz;201;14
Technische Universität Clausthal;2753;1775;1;1;Adolph-Roemer-Straße 2 A;38678;Clausthal-Zellerfeld;201;3
Hochschule für angewandte Wissenschaften Coburg;4700;1814;0;0;Friedrich-Streib-Straße 2;96450;Coburg;101;9
Brandenburgische Technische Universität Cottbus-Senftenberg;6587;2013;1;1;Platz der Dt. Einheit 1;3046;Cottbus;201;12
Evangelische Hochschule Darmstadt (staatlich anerkannt) – Kirchliche Körperschaft des öffentlichen Rechts;1333;1971;0;0;Zweifalltorweg 12;64293;Darmstadt;103;6
Wilhelm Büchner Hochschule - Private Fernhochschule Darmstadt;4915;1997;0;0;Hilpertstr. 31;64295;Darmstadt;102;6
Hochschule Darmstadt;15474;1876;1;0;Schöfferstraße 3;64295;Darmstadt;101;6
Technische Universität Darmstadt;24008;1877;1;1;Karolinenplatz 5;64289;Darmstadt;201;6
Technische Hochschule Deggendorf;8660;1994;0;0;Dieter-Görlitz-Platz 1;94469;Deggendorf;101;9
Hochschule für Musik Detmold;637;1946;1;0;Neustadt 22;32756;Detmold;301;5
Fachhochschule Dortmund;14371;1890;0;0;Sonnenstraße 96;44139;Dortmund;101;5
International School of Management;3444;1990;0;0;Otto-Hahn-Straße 19;44227;Dortmund;102;5
Technische Universität Dortmund;30013;1968;1;1;August-Schmidt-Straße 4;44227;Dortmund;201;5
DIU - Dresden International University GmbH;1283;2003;0;0;Freiberger Straße 37;1067;Dresden;202;14
Evangelische Hochschule Dresden;839;1991;0;0;Dürerstraße 25;1307;Dresden;103;14
Hochschule für Bildende Künste Dresden;555;1764;1;0;Güntzstraße 34;1307;Dresden;301;14
Hochschule für Kirchenmusik der Evangelisch-Lutherischen Landeskirche Sachsens;24;1949;0;0;Käthe Kollwitz Ufer 97;1309;Dresden;303;14
Hochschule für Musik Carl Maria von Weber Dresden;692;1856;1;0;Wettiner Platz 13;1067;Dresden;301;14
Palucca Hochschule für Tanz Dresden;168;1925;0;0;Basteiplatz 4;1277;Dresden;301;14
Hochschule für Technik und Wirtschaft Dresden  - University of Applied Sciences;4634;1992;0;0;Friedrich-List-Platz 1;1069;Dresden;101;14
Fachhochschule Dresden;539;2010;0;0;Güntzstraße 1;1069;Dresden;102;14
Technische Universität Dresden;28959;1828;1;1;Mommsenstraße 11;1069;Dresden;201;14
Universität Duisburg-Essen;38001;2003;1;1;Universitätsstraße 2;45141;Essen;201;5
Fliedner Fachhochschule Düsseldorf;2204;2011;0;0;Geschwister-Aufricht-Straße 9;40489;Düsseldorf;102;5
Hochschule Düsseldorf;11172;1971;0;0;Münsterstraße 156;40476;Düsseldorf;101;5
Robert-Schumann-Hochschule Düsseldorf;837;1935;1;0;Fischerstraße 110;40476;Düsseldorf;301;5
IST-Hochschule für Management;4278;2012;0;0;Erkrather Str. 220 a-c;40233;Düsseldorf;102;5
Kunstakademie Düsseldorf;546;1814;1;0;Eiskellerstraße 1;40213;Düsseldorf;301;5
Heinrich-Heine-Universität Düsseldorf;29218;1965;1;1;Universitätsstraße 1;40225;Düsseldorf;201;5
Hochschule für Gesundheitsfachberufe Eberswalde;;2023;0;0;Schicklerstraße 20;16225;Eberswalde;102;12
Hochschule für nachhaltige Entwicklung Eberswalde;2297;1830;0;0;Schicklerstr. 5;16225;Eberswalde;101;12
Katholische Universität Eichstätt - Ingolstadt;4800;1980;1;1;Ostenstraße 26;85072;Eichstätt;203;9
NORDAKADEMIE Hochschule der Wirtschaft;2481;1992;0;0;Köllner Chaussee 11;25337;Elmshorn;102;1
Theologische Hochschule Elstal;39;1880;0;0;Johann-Gerhard-Oncken-Straße 7;14641;Wustermark;103;12
Hochschule Emden/Leer;4264;2009;0;0;Constantiaplatz 4;26723;Emden;101;3
Fachhochschule Erfurt;4063;1991;0;0;Altonaer Straße 25;99085;Erfurt;101;16
HMU Health and Medical University;1433;2019;0;0;Nordhäuser Straße 74;99089;Erfurt;502;16
IU Internationale Hochschule;116027;1998;0;0;Juri-Gagarin-Ring 152;99084;Erfurt;102;16
Universität Erfurt;5795;1994;1;1;Nordhäuser Straße 63;99089;Erfurt;201;16
Friedrich-Alexander-Universität Erlangen-Nürnberg;38960;1743;1;1;Schlossplatz 4;91054;Erlangen;201;9
FOM Hochschule für Oekonomie & Management - University of Applied Sciences;47191;1993;0;0;Leimkugelstraße 6;45141;Essen;102;5
Hochschule der bildenden Künste (HBK) Essen;322;2013;0;0;Prinz-Friedrich-Str. 28 A;45257;Essen;302;5
Folkwang Universität der Künste;1625;1927;1;1;Klemensborn 39;45239;Essen;301;5
Hochschule Esslingen;6594;1868;0;0;Kanalstraße 33;73728;Esslingen;101;8
Theologisches Hochschule Ewersbach;47;1912;0;0;Jahnstraße 49-53;35716;Dietzhölztal;103;6
Hochschule Flensburg;3355;1886;0;0;Kanzleistraße 91-93;24943;Flensburg;101;1
Europa-Universität Flensburg;5998;1946;1;1;Auf dem Campus 1;24943;Flensburg;201;1
Frankfurt University of Applied Sciences;15297;1971;1;0;Nibelungenplatz 1;60318;Frankfurt am Main;101;6
Provadis School of International Management and Technology;870;2003;0;0;Rudolf-Amthauer-Straße;65926;Frankfurt am Main;102;6
Frankfurt School of Finance & Management;4381;1990;1;0;Adickesallee 32-34;60322;Frankfurt am Main;202;6
Hochschule für Bildende Künste (Städelschule);140;1817;0;0;Dürerstraße 10;60596;Frankfurt am Main;301;6
Hochschule für Musik und Darstellende Kunst Frankfurt am Main;971;1878;1;0;Eschersheimer Landstraße 29-39;60322;Frankfurt am Main;301;6
Philosophisch-Theologische Hochschule Sankt Georgen Frankfurt am Main;221;1926;1;1;Offenbacher Landstraße 224;60599;Frankfurt am Main;203;6
Tomorrow University of Applied Sciences;;2021;0;0;Platz der Einheit 2;60327;Frankfurt am Main;102;6
Johann Wolfgang Goethe-Universität, Frankfurt am Main;41107;1914;1;1;Theodor-W.-Adorno-Platz 1;60323;Frankfurt am Main;201;6
University of Labour;17;2021;0;0;Eschersheimer Landstr. 155-157;60323;Frankfurt am Main;102;6
Europa-Universität Viadrina Frankfurt (Oder);4230;1991;1;1;Große Scharrnstraße 59;15230;Frankfurt (Oder);201;12
Technische Universität Bergakademie Freiberg;4199;1765;1;1;Akademiestraße 6;9599;Freiberg;201;14
Evangelische Hochschule Freiburg, staatlich anerkannte Hochschule der Evangelischen Landeskirche in Baden;898;1971;0;0;Bugginger Straße 38;79114;Freiburg;103;8
Hochschule für Musik Freiburg im Breisgau;627;1946;1;1;Mendelssohn-Bartholdy-Platz 1;79102;Freiburg;301;8
Katholische Hochschule Freiburg, staatlich anerkannte Hochschule - Catholic University of Applied Sciences;1886;1971;0;0;Karlstraße 63;79104;Freiburg;103;8
Pädagogische Hochschule Freiburg;5013;1962;1;1;Kunzenweg 21;79117;Freiburg;201;8
Albert-Ludwigs-Universität Freiburg im Breisgau;24197;1457;1;1;Fahnenbergplatz;79085;Freiburg;201;8
Theologische Hochschule Friedensau;224;1899;0;0;An der Ihle 19;39291;Friedensau;203;15
Zeppelin Universität - Hochschule zwischen Wirtschaft, Kultur und Politik;667;2003;1;1;Am Seemoser Horn 20;88045;Friedrichshafen;202;8
Hochschule Fulda - University of Applied Sciences;8963;1974;1;0;Leipziger Straße 123;36037;Fulda;101;6
Theologische Fakultät Fulda;13;1734;1;1;Eduard-Schick-Platz 2;36037;Fulda;203;6
SRH Wilhelm Löhe Hochschule;417;;0;0;Merkurstraße 19, Südstadtpark;90763;Fürth;102;9
Hochschule Furtwangen - Informatik, Technik, Wirtschaft, Medien, Gesundheit;4833;1850;0;0;Robert-Gerwig-Platz 1;78120;Furtwangen;101;8
Hochschule Geisenheim;1723;2013;1;0;Von-Lade-Straße 1;65366;Geisenheim;501;6
Duale Hochschule Gera-Eisenach;1395;2016;0;0;Weg der Freundschaft 4;7546;Gera;501;16
SRH Hochschule für Gesundheit;1434;2007;0;0;Neue Straße 28 - 30;7548;Gera;102;16
Freie Theologische Hochschule Gießen;191;1974;0;0;Rathenaustraße 5-7;35394;Gießen;102;6
Justus-Liebig-Universität Gießen;25461;1607;1;1;Ludwigstraße 23;35390;Gießen;201;6
PFH - Private Hochschule Göttingen;4775;1995;0;0;Weender Landstr. 3-7;37073;Göttingen;102;3
Georg-August-Universität Göttingen;27562;1737;1;1;Wilhelmsplatz 1;37073;Göttingen;201;3
Universität Greifswald;10296;1456;1;1;Domstraße 11;17489;Greifswald;201;13
Hochschule der Deutschen Bundesbank;408;1980;0;0;Schloss;57627;Hachenburg;401;7
FernUniversität in Hagen;63326;1974;1;1;Universitätsstraße 47;58097;Hagen;201;5
Evangelische Hochschule für Kirchenmusik;59;1926;0;0;Kleine Ulrichstraße 35;6108;Halle;303;15
Burg Giebichenstein Kunsthochschule Halle;1194;1915;1;0;Neuwerk 7;6108;Halle;301;15
Martin-Luther-Universität Halle-Wittenberg;19227;1502;1;1;Universitätsplatz 11;6108;Halle;201;15
Norddeutsche Akademie für Finanzen und Steuerrecht;349;2010;0;0;Hammer Steindamm 129;20535;Hamburg;401;2
Akademie der Polizei Hamburg;582;2013;0;0;Carl-Cohn-Straße 39;22297;Hamburg;401;2
Berufliche Hochschule Hamburg (BHH);219;2020;0;0;Anckelmannstraße 10;20537;Hamburg;501;2
Bucerius Law School, Hochschule für Rechtswissenschaft;849;2000;1;1;Jungiusstraße 6;20355;Hamburg;202;2
Europäische Fernhochschule Hamburg;9646;2003;0;0;Doberaner Weg 20-22;22143;Hamburg;102;2
Evangelische Hochschule für Soziale Arbeit & Diakonie;731;1971;0;0;Horner Weg 170;22111;Hamburg;103;2
Hamburger Fern-Hochschule, gemeinnützige GmbH;14144;1997;0;0;Alter Teichweg 19;22081;Hamburg;102;2
Brand University of Applied Sciences;314;2010;0;0;Lilienstraße 5-9;20095;Hamburg;102;2
Hochschule für Angewandte Wissenschaften Hamburg;16877;1970;0;0;Berliner Tor 5;20099;Hamburg;101;2
HafenCity Universität Hamburg;2518;2006;1;1;Henning-Voscherau-Platz 1;20457;Hamburg;201;2
Hochschule für Bildende Künste Hamburg;976;1767;1;0;Lerchenfeld 2;22081;Hamburg;301;2
Hochschule für Musik und Theater Hamburg;1380;1950;1;0;Harvestehuder Weg 12;20148;Hamburg;301;2
HSBA Hamburg School of Business Administration;928;2004;0;0;Willy-Brandt-Straße 75;20459;Hamburg;102;2
Kühne Logistics University - Wissenschaftliche Hochschule für Logistik und Unternehmensführung;309;2010;1;0;Großer Grasbrook 17;20457;Hamburg;202;2
MSH Medical School Hamburg - University of Applied Sciences and Medical University;4845;2009;0;0;Am Kaiserkai 1;20457;Hamburg;502;2
NBS Northern Business School – University of Applied Sciences;914;2007;0;0;Holstenhofweg 62;22043;Hamburg;102;2
Technische Universität Hamburg;7384;1978;1;1;Am Schwarzenberg-Campus 3 (E);21073;Hamburg;201;2
Universität Hamburg;41802;1919;1;1;Mittelweg 177;20148;Hamburg;201;2
Helmut-Schmidt-Universität/Universität der Bundeswehr Hamburg;2546;1972;1;1;Holstenhofweg 85;22043;Hamburg;201;2
Hochschule Hamm-Lippstadt;5134;2009;0;0;Marker Allee 76-78;59063;Hamm;101;5
Fachhochschule für die Wirtschaft Hannover;569;1996;0;0;Freundallee 15;30173;Hannover;102;3
Hochschule Hannover;8891;1971;0;0;Expo Plaza 4;30539;Hannover;101;3
Hochschule für Musik, Theater und Medien Hannover;1395;1897;1;1;Neues Haus 1;30175;Hannover;301;3
Leibniz-Fachhochschule;584;1920;0;0;Expo Plaza 11;30539;Hannover;102;3
Medizinische Hochschule Hannover (MHH);3923;1963;1;1;Carl-Neuberg-Str. 1;30625;Hannover;201;3
Stiftung Tierärztliche Hochschule Hannover;2347;1778;1;1;Bünteweg 2;30559;Hannover;201;3
Gottfried Wilhelm Leibniz Universität Hannover;27323;1831;1;1;Welfengarten 1;30167;Hannover;201;3
Hochschule Harz, Hochschule für angewandte Wissenschaften (FH);3017;1991;1;0;Friedrichstraße 57-59;38855;Wernigerode;101;15
SRH Hochschule Heidelberg - Staatlich anerkannte Fachhochschule;3112;1969;0;0;Ludwig-Guttmann-Str. 6;69123;Heidelberg;102;8
Hochschule für Jüdische Studien Heidelberg;105;1979;1;0;Landfriedstraße 12;69117;Heidelberg;202;8
Hochschule für Kirchenmusik der Evangelischen Landeskirche in Baden;44;1931;0;0;Hildastr. 8;69115;Heidelberg;303;8
Hochschule Fresenius Heidelberg – staatlich anerkannte Hochschule der Hochschule Fresenius für Internationales Management GmbH;672;2012;0;0;Sickingenstraße 63-65;69126;Heidelberg;102;8
Pädagogische Hochschule Heidelberg;5271;1904;1;1;Keplerstraße 87;69120;Heidelberg;201;8
Ruprecht-Karls-Universität Heidelberg;29534;1386;1;1;Seminarstraße 2;69117;Heidelberg;201;8
Hochschule Heilbronn, Technik, Wirtschaft, Informatik;7159;1961;0;0;Max-Planck-Straße 39;74081;Heilbronn;101;8
Hochschule für Kirchenmusik der Evangelischen Kirche von Westfalen;46;1948;0;0;Parkstr. 6;32049;Herford;303;5
Fachhochschule für Interkulturelle Theologie Hermannsburg;78;2012;0;0;Missionsstraße 3-5;29320;Hermannsburg;102;3
Hessische Hochschule für Finanzen und Rechtspflege Rotenburg a.d. Fulda;2610;2006;0;0;Josef-Durstewitz Straße 2-6;36199;Rotenburg;401;6
Hessische Hochschule für öffentliches Management und Sicherheit;4271;2022;0;0;Schönbergstraße 100;65199;Wiesbaden;401;6
Universität Hildesheim;7995;1978;1;1;Universitätsplatz 1;31141;Hildesheim;201;3
HAWK Hochschule für angewandte Wissenschaft und Kunst Hildesheim/Holzminden/Göttingen;6325;1971;0;0;Hohnsen 4;31134;Hildesheim;101;3
Hochschule für angewandte Wissenschaften Hof;3822;1994;0;0;Alfons-Goppel-Platz 1;95028;Hof;101;9
Universität Hohenheim;8482;1818;1;1;Schloss Hohenheim 1;70599;Stuttgart;201;8
Hochschule Fresenius;16028;1848;0;0;Limburger Straße 2;65510;Idstein;102;6
Technische Universität Ilmenau;4452;1894;1;1;Ehrenbergstraße 29;98693;Ilmenau;201;16
Technische Hochschule Ingolstadt;7537;1994;1;0;Esplanade 10;85049;Ingolstadt;101;9
Hochschule für angewandtes Management;3646;2004;0;0;Steinheilstraße 4;85737;Ismaning;102;9
Ernst-Abbe-Hochschule Jena - University of Applied Sciences;4330;1991;0;0;Carl-Zeiss-Promenade 2;7745;Jena;101;16
Friedrich-Schiller-Universität Jena;16588;1558;1;1;Fürstengraben 1;7743;Jena;201;16
Hochschule Kaiserslautern (University of Applied Sciences);5846;1996;0;0;Schoenstr. 11;67659;Kaiserslautern;101;7
Rheinland-Pfälzische Technische Universität Kaiserslautern-Landau;18520;1970;1;1;Gottlieb-Daimler-Straße 47;67663;Kaiserslautern;201;7
Staatliche Akademie der Bildenden Künste Karlsruhe;362;1854;1;0;Reinhold-Frank-Straße 67;76133;Karlsruhe;301;8
Hochschule Karlsruhe - Technik und Wirtschaft;6814;1878;0;0;Moltkestraße 30;76133;Karlsruhe;101;8
Staatliche Hochschule für Gestaltung Karlsruhe;376;1992;1;0;Lorenzstr. 15;76135;Karlsruhe;301;8
Hochschule für Musik Karlsruhe;577;1812;1;0;Am Schloss Gottesaue 7;76131;Karlsruhe;301;8
Karlshochschule International University - staatlich anerkannte Hochschule der Karlshochschule gemeinnützige GmbH Karlsruhe;361;2005;0;0;Karlstraße 36 - 38;76133;Karlsruhe;102;8
Pädagogische Hochschule Karlsruhe;3552;1962;1;1;Bismarckstraße 10;76133;Karlsruhe;201;8
Karlsruher Institut für Technologie;22201;2009;1;1;Kaiserstraße 12;76131;Karlsruhe;201;8
CVJM-Hochschule;458;2009;0;0;Hugo-Preuß-Straße 40;34131;Kassel;102;6
Universität Kassel;21791;1971;1;1;Mönchebergstraße 19;34125;Kassel;201;6
Hochschule für angewandte Wissenschaften Kempten;4777;1977;0;0;Bahnhofstraße 61;87435;Kempten;101;9
Fachhochschule Kiel;7670;1969;0;0;Sokratesplatz 1;24149;Kiel;101;1
Muthesius Kunsthochschule;541;1994;1;0;Legienstraße 35;24103;Kiel;301;1
Christian-Albrechts-Universität zu Kiel;25940;1665;1;1;Christian-Albrechts-Platz 4;24118;Kiel;201;1
Hochschule Koblenz;8992;1996;0;0;Konrad-Zuse-Straße 1;56075;Koblenz;101;7
Hochschule für Gesellschaftsgestaltung;126;2015;0;0;Kornpfortstraße 15;56068;Koblenz;502;7
Universität Koblenz;9485;1990;1;1;Universitätsstraße 1;56070;Koblenz;201;7
CBS International Business School - University of Applied Sciences;2475;1993;0;0;Bahnstraße 6 - 8;50996;Köln;102;5
Deutsche Sporthochschule Köln;6098;1947;1;1;Am Sportpark Müngersdorf 6;50933;Köln;201;5
Hochschule für Musik und Tanz Köln;1398;1845;1;0;Unter Krahnenbäumen 87;50668;Köln;301;5
INU - Innovative University of Applied Sciences;;2022;0;0;Widdersdorfer Straße 262;50933;Köln;102;5
Kölner Hochschule für Katholische Theologie (KHKT);85;;1;0;Gleuelerstraße 262-268;50935;Köln;203;5
Kolping Hochschule;19;2019;0;0;Mevissenstr.3;50668;Köln;102;5
Kunsthochschule für Medien Köln;413;1990;1;0;Peter-Welter-Platz 2;50676;Köln;301;5
Rheinische Hochschule Köln;5817;1958;0;0;Schaevenstraße 1a-b;50676;Köln;102;5
Technische Hochschule Köln;24294;1971;0;0;Claudiusstraße 1;50678;Köln;101;5
Universität zu Köln;48063;1388;1;1;Albertus-Magnus-Platz;50931;Köln;201;5
Allensbach Hochschule Konstanz,  staatlich anerkannte Hochschule der European Education Group GmbH;640;1996;0;0;Lohnerhofstraße 2;78467;Konstanz;102;8
Hochschule Konstanz Technik, Wirtschaft und Gestaltung;4360;1906;0;0;Alfred-Wachtel-Straße 8;78462;Konstanz;101;8
Universität Konstanz;10472;1966;1;1;Universitätsstraße 10;78464;Konstanz;201;8
Hochschule Landshut - Hochschule für angewandte Wissenschaften;4674;1978;0;0;Am Lurzenhof 1;84036;Landshut;101;9
Hochschule für Grafik und Buchkunst Leipzig;589;1764;1;0;Wächterstraße 11;4107;Leipzig;301;14
HHL Leipzig Graduate School of Management;739;1898;1;1;Jahnallee 59;4109;Leipzig;202;14
Hochschule für Musik und Theater Felix Mendelssohn Bartholdy Leipzig;1129;1843;1;0;Grassistraße 8;4107;Leipzig;301;14
Hochschule für Technik, Wirtschaft und Kultur Leipzig;6843;1992;0;0;Karl-Liebknecht-Straße 132;4277;Leipzig;101;14
Universität Leipzig;29582;1409;1;1;Ritterstraße 26;4109;Leipzig;201;14
Musikhochschule Lübeck;416;1973;1;0;Große Petersgrube 21;23552;Lübeck;301;1
Technische Hochschule Lübeck;5138;1808;0;0;Mönkhofer Weg 239;23562;Lübeck;101;1
Universität zu Lübeck;5958;1964;1;1;Ratzeburger Allee 160;23562;Lübeck;201;1
Evangelische Hochschule Ludwigsburg, Hochschule für Soziale ;1279;1999;0;0;Paulusweg 6;71638;Ludwigsburg;103;8
Pädagogische Hochschule Ludwigsburg;5988;1962;1;1;Reuteallee 46;71634;Ludwigsburg;201;8
Hochschule für Wirtschaft und Gesellschaft Ludwigshafen ;4400;1965;0;0;Ernst-Boehe-Str. 4;67059;Ludwigshafen;101;7
Leuphana Universität Lüneburg;9268;1946;1;1;Universitätsallee 1;21335;Lüneburg;201;3
Steinbeis Hochschule;4626;1998;0;0;Hegelstraße 39;39104;Magdeburg;102;15
Hochschule Magdeburg-Stendal;5258;1991;1;0;Breitscheidstraße 2;39114;Magdeburg;101;15
Otto-von-Guericke-Universität Magdeburg;12490;1993;1;1;Universitätsplatz 2;39106;Magdeburg;201;15
Hochschule Mainz;5621;1996;0;0;Lucy-Hillebrand-Straße 2;55128;Mainz;101;7
Katholische Hochschule Mainz Catholic University of Applied Sciences;1543;1972;0;0;Saarstraße 3;55122;Mainz;103;7
Johannes Gutenberg-Universität Mainz;29617;1477;1;1;Saarstraße 21;55122;Mainz;201;7
Hochschule Mannheim;5034;1898;0;0;Paul-Wittsack-Straße 10;68163;Mannheim;101;8
Hochschule der Bundesagentur für Arbeit - Staatlich anerkannte Hochschule für angewandte Wissenschaft in Mannheim und Schwerin (University of Applied Labour Studies of the Federal Employment Agency);1514;2006;0;0;Seckenheimer Landstraße 16;68163;Mannheim;401;8
Hochschule der Wirtschaft für Management;290;2011;0;0;Oskar-Meixner-Straße 4-6;68163;Mannheim;102;8
Staatliche Hochschule für Musik und Darstellende Kunst Mannheim;575;1971;1;0;N 7, 18;68161;Mannheim;301;8
Universität Mannheim;11397;1907;1;1;Schloss;68161;Mannheim;201;8
Evangelische Hochschule Tabor;165;1909;0;0;Dürerstraße 43;35039;Marburg;102;6
Archivschule Marburg - Hochschule für Archivwissenschaft;73;;0;0;Bismarckstraße 32;35037;Marburg;401;6
Philipps-Universität Marburg;21237;1527;1;1;Biegenstraße 10;35037;Marburg;201;6
Fachhochschule für öffentliche Verwaltung, Polizei und Rechtspflege des Landes Mecklenburg-Vorpommern;669;;0;0;Goldberger Straße 12-13;18273;Güstrow;401;13
Hochschule Merseburg;2953;1992;1;0;Eberhard-Leibnitz-Straße 2;6217;Merseburg;101;15
Technische Hochschule Mittelhessen - THM;16795;1971;0;0;Wiesenstraße 14;35390;Gießen;101;6
Hochschule Mittweida, University of Applied Sciences;6079;1867;0;0;Technikumplatz 17;9648;Mittweida;101;14
Akademie der Bildenden Künste München;754;1808;1;0;Akademiestraße 2-4;80799;München;301;9
Hochschule für angewandte Wissenschaften München;18062;1971;0;0;Lothstr. 34;80335;München;101;9
Hochschule der Bayerischen Wirtschaft für angewandte Wissenschaften - HDBW;469;2012;0;0;Konrad-Zuse-Platz 8;81829;München;102;9
Hochschule für Fernsehen und Film München;398;1966;1;0;Bernd-Eichinger-Platz 1;80333;München;301;9
Hochschule für Musik und Theater München;1182;1830;1;0;Arcisstraße 12;80333;München;301;9
Hochschule für Philosophie;419;1925;1;1;Kaulbachstraße 31;80539;München;203;9
Internationale Hochschule SDI München - Hochschule für angewandte Wissenschaften;286;2007;0;0;Baierbrunner Straße 28;81379;München;102;9
Katholische    Stiftungshochschule für   angewandte Wissenschaften München - Hochschule der Kirchlichen Stiftung des öffentlichen Rechts Katholische Bildungsstätten für Sozialberufe in Bayern;2401;1971;0;0;Preysingstraße 95;81667;München;103;9
Munich Business School - Staatlich anerkannte private Fachhochschule;613;1991;0;0;Elsenheimerstraße 61;80687;München;102;9
Technische Universität München;54575;1868;1;1;Arcisstraße 21;80333;München;201;9
Ludwig-Maximilians-Universität München;52086;1472;1;1;Geschwister-Scholl-Platz 1;80539;München;201;9
Universität der Bundeswehr München;3456;1973;1;1;Werner-Heisenberg-Weg 39;85577;Neubiberg;201;9
FH Münster University of Applied Sciences;15184;1971;0;0;Hüfferstr. 27;48149;Münster;101;5
Kunstakademie Münster, Hochschule für Bildende Künste;375;1971;1;1;Leonardo-Campus 2;48149;Münster;301;5
Philosophisch-Theologische Hochschule Münster - Kirchlich und staatlich anerkannte Hochschule in Trägerschaft der PTH Philosophisch-Theologische Hochschule Münster gemeinnützige GmbH;7;1971;0;0;Kapuzinerstr. 27;48149;Münster;203;5
Universität Münster;42458;1780;1;1;Schlossplatz 2;48149;Münster;201;5
Hochschule Neubrandenburg - University of Applied Sciences;2082;1991;0;0;Brodaer Straße 2;17033;Neubrandenburg;101;13
Augustana-Hochschule Neuendettelsau;97;1947;1;1;Waldstraße 11;91564;Neuendettelsau;203;9
Medizinische Hochschule Brandenburg Theodor Fontane;819;2014;0;0;Fehrbelliner Str. 38;16816;Neuruppin;202;12
Hochschule für angewandte Wissenschaften Neu-Ulm;4077;1994;0;0;Wileystraße 1;89231;Neu-Ulm;101;9
Hochschule Niederrhein;13179;1971;0;0;Reinarzstraße 49;47805;Krefeld;101;5
Norddeutsche Hochschule für Rechtspflege - Niedersachsen;404;;0;0;Godehardspl. 6;31134;Hildesheim;401;3
Kommunale Hochschule für Verwaltung in Niedersachsen;1561;2007;0;0;Wielandstraße 8;30169;Hannover;401;3
Polizeiakademie Niedersachsen;;;0;0;Bürgermeister-Stahn-Wall 9;31582;Nienburg;401;3
Steuerakademie Niedersachsen;;2006;0;0;Bahnhofstraße 5;31707;Bad Eilsen;401;3
Hochschule Nordhausen;2035;1997;0;0;Weinberghof 4;99734;Nordhausen;101;16
DIPLOMA Hochschule - Private Fachhochschule Nordhessen;7775;1997;0;0;Am Hegeberg 2;37242;Bad Sooden-Allendorf;102;6
Deutsche Hochschule der Polizei;434;2008;1;0;Zum Roten Berge 18;48165;Münster;401;5
Fachhochschule für Rechtspflege Nordrhein-Westfalen;887;1976;0;0;Schleidtalstraße 3;53902;Bad Münstereifel;401;5
Hochschule für Finanzen NRW;2795;1976;0;0;Schloßstraße;59394;Nordkirchen;401;5
Hochschule für Polizei und öffentliche Verwaltung Nordrhein-Westfalen;13078;1976;0;0;Haidekamp 73;45886;Gelsenkirchen;401;5
Katholische Hochschule Nordrhein-Westfalen - Catholic University of Applied Sciences;5440;1971;0;0;Wörthstraße 10;50668;Köln;103;5
SRH Hochschule in Nordrhein-Westfalen;740;2005;0;0;Platz der Deutschen Einheit 1;59065;Hamm;102;5
Akademie der Bildenden Künste Nürnberg;310;1662;0;0;Bingstraße 60;90480;Nürnberg;301;9
Evangelische Hochschule für angewandte Wissenschaften - Evangelische Fachhochschule Nürnberg;1211;1927;0;0;Bärenschanzstraße 4;90429;Nürnberg;103;9
Hochschule für Musik Nürnberg;333;2008;1;0;Veilhofstraße 34;90489;Nürnberg;301;9
Technische Hochschule Nürnberg Georg Simon Ohm;12355;1823;0;0;Keßlerplatz 12;90489;Nürnberg;101;9
Technische Universität Nürnberg;18;2021;1;0;Ulmenstraße 52i;90443;Nürnberg;201;9
Hochschule für Wirtschaft und Umwelt Nürtingen-Geislingen;5066;1949;0;0;Neckarsteige 6-10;72622;Nürtingen;101;8
Lutherische Theologische Hochschule Oberursel;17;1947;0;0;Altkönigstraße 150;61440;Oberursel;203;6
Hochschule für Gestaltung Offenbach;795;1970;1;0;Schloßstraße 31;63065;Offenbach;301;6
Hochschule für Technik, Wirtschaft und Medien Offenburg;3761;1964;0;0;Badstraße 24;77652;Offenburg;101;8
Carl von Ossietzky Universität Oldenburg;15335;1973;1;1;Ammerländer Heerstraße 114-118;26129;Oldenburg;201;3
Hochschule Osnabrück;13317;1971;0;0;Albrechtstraße 30;49076;Osnabrück;101;3
Universität Osnabrück;13487;1973;1;1;Neuer Graben/Schloss;49074;Osnabrück;201;3
Hochschule Braunschweig/Wolfenbüttel, Ostfalia Hochschule für angewandte Wissenschaften;10775;1971;0;0;Salzdahlumer Straße 46/48;38302;Wolfenbüttel;101;3
Technische Hochschule Ostwestfalen-Lippe;5960;1971;0;0;Campusallee 12;32657;Lemgo;101;5
Hochschule für Künste im Sozialen, Ottersberg;325;1967;0;0;Große Straße 107;28870;Ottersberg;102;3
Fachhochschule der Wirtschaft;2021;1993;0;0;Fürstenallee 5;33102;Paderborn;102;5
Theologische Fakultät Paderborn;60;1614;1;1;Kamp 6;33098;Paderborn;203;5
Universität Paderborn;17228;1972;1;1;Warburger Straße 100;33098;Paderborn;201;5
Universität Passau;10881;1973;1;1;Innstraße 41;94032;Passau;201;9
Hochschule Pforzheim - Gestaltung, Technik, Wirtschaft und Recht;5659;1877;0;0;Tiefenbronner Straße 65;75175;Pforzheim;101;8
Filmuniversität Babelsberg Konrad Wolf;947;1954;1;0;Marlene-Dietrich-Allee 11;14482;Potsdam;301;12
Hochschule Clara Hoffbauer (HCHP) - University of Applied Sciences;119;2016;0;0;Hermannswerder 7;14473;Potsdam;102;12
Fachhochschule Potsdam;3730;1991;0;0;Kiepenheuerallee 5;14469;Potsdam;101;12
Fachhochschule für Sport und Management Potsdam;553;2009;0;0;Olympischer Weg 7;14471;Potsdam;102;12
Gisma University of Applied Sciences;834;2020;0;0;Konrad-Zuse-Ring 11;14469;Potsdam;102;12
GU Deutsche Hochschule für Angewandte Wissenschaften - German University of Applied Sciences;50;2022;0;0;Jägerallee 26;14469;Potsdam;102;12
HSD Hochschule Döpfer;1405;2013;0;0;Tuchmacherstraße 48b;14482;Potsdam;102;12
Universität Potsdam;20401;1991;1;1;Am Neuen Palais 10;14469;Potsdam;201;12
University of Europe for Applied Sciences;4787;2000;0;0;Konrad-Zuse-Ring 11;14469;Potsdam;102;12
XU Exponential University of Applied Sciences;176;2018;0;0;August-Bebel-Straße 26-53;14482;Potsdam;102;12
Hochschule Ravensburg-Weingarten;3448;1964;0;0;Doggenriedstraße 70;88250;Weingarten;101;8
Hochschule für Katholische Kirchenmusik und Musikpädagogik;121;2001;0;0;Andreasstraße 9;93059;Regensburg;303;9
Ostbayerische Technische Hochschule Regensburg;10704;1971;0;0;Seybothstraße 2;93053;Regensburg;101;9
Universität Regensburg;20353;1962;1;1;Universitätsstraße 31;93053;Regensburg;201;9
Hochschule Reutlingen, Hochschule für Technik-  Wirtschaft-Informatik-Design;4933;1855;0;0;Alteburgstraße 150;72762;Reutlingen;101;8
Theologische Hochschule Reutlingen - staatlich anerkannte Fachhochschule der Evangelisch-methodistischen Kirche;105;1877;0;0;Friedrich-Ebert-Straße 31;72762;Reutlingen;103;8
Hochschule für Finanzen Rheinland-Pfalz;666;;0;0;Luitpoldstraße 33;67480;Edenkoben;401;7
Hochschule der Polizei Rheinland-Pfalz;1511;;0;0;Hunsrück Drive;55491;Büchenbeuren;401;7
Hochschule für öffentliche Verwaltung Rheinland-Pfalz;912;1981;0;0;St.-Veit-Straße 26-28;56727;Mayen;401;7
Hochschule RheinMain;12945;1971;1;0;Kurt-Schumacher-Ring 18;65197;Wiesbaden;101;6
Hochschule Rhein-Waal - University of Applied Sciences;6465;2009;0;0;Marie-Curie-Str. 1;47533;Kleve;101;5
SRH Fernhochschule - The Mobile University;8746;1996;0;0;Kirchstraße 26;88499;Riedlingen;102;8
Technische Hochschule Rosenheim;6648;1971;0;0;Hochschulstraße 1;83024;Rosenheim;101;9
Hochschule für Musik und Theater Rostock;567;1994;1;1;Beim St.-Katharinenstift 8;18055;Rostock;301;13
Universität Rostock;12678;1419;1;1;Universitätsplatz 1;18055;Rostock;201;13
Hochschule für Forstwirtschaft Rottenburg;941;1954;0;0;Schadenweilerhof;72108;Rottenburg;101;8
Hochschule für Kirchenmusik der Diözese Rottenburg-Stuttgart;19;1949;0;0;St.-Meinrad-Weg 6;72108;Rottenburg;303;8
Hochschule Ruhr West- University of Applied Sciences;5999;2009;0;0;Duisburger Straße 100;45479;Mülheim;101;5
Deutsche Hochschule für Prävention und Gesundheitsmanagement GmbH;7133;2001;0;0;Hermann-Neuberger-Straße 3;66123;Saarbrücken;102;101
Hochschule für Musik Saar;501;1947;1;0;Bismarckstraße 1;66111;Saarbrücken;301;101
Hochschule für Technik und Wirtschaft des Saarlandes;5942;1971;0;0;Goebenstraße 40;66117;Saarbrücken;101;101
Universität des Saarlandes;15949;1948;1;1;Campus;66123;Saarbrücken;201;101
Hochschule der Bildenden Künste Saar;434;1989;1;0;Keplerstraße 3-5;66117;Saarbrücken;301;101
Fachhochschule der Verwaltung des Saarlandes;802;1980;0;0;Am Campus 7;66287;Quierschied;401;101
Fachhochschule Polizei Sachsen-Anhalt;705;1997;0;0;Schmidtmannstraße 86;6449;Aschersleben;401;15
Hochschule der Sächsischen Polizei (FH);640;1994;0;0;Friedensstraße 120;2929;Rothenburg;401;14
Hochschule für öffentliche Verwaltung und Rechtspflege (FH), Fortbildungszentrum des Freistaates Sachsen (HSF);1035;1992;0;0;Herbert-Böhme-Straße 11;1662;Meißen;401;14
Duale Hochschule Schleswig-Holstein - staatlich anerkannte Hochschule für angewandte Wissenschaften in Trägerschaft der Wirtschaftsakademie Schleswig-Holstein;512;2018;0;0;Hans-Detlev-Prien-Straße 10;24106;Kiel;102;1
Fachhochschule für Verwaltung und Dienstleistung in Schleswig-Holstein;1716;1975;0;0;Rehmkamp 10;24161;Altenholz;401;1
Hochschule Schmalkalden;2564;1991;0;0;Blechhammer 9;98574;Schmalkalden;101;16
Hochschule für Gestaltung Schwäbisch Gmünd;678;1909;0;0;Rektor-Klaus-Str. 100;73525;Schwäbisch Gmünd;101;8
Pädagogische Hochschule Schwäbisch Gmünd;2780;1962;1;1;Oberbettringer Str. 200;73525;Schwäbisch Gmünd;201;8
Universität Siegen;15186;1972;1;1;Adolf-Reichwein-Straße 2;57076;Siegen;201;5
Deutsche Universität für Verwaltungswissenschaften Speyer;278;1947;1;1;Freiherr-vom-Stein-Straße 2;67346;Speyer;201;7
Hochschule Stralsund;2268;1991;0;0;Zur Schwedenschanze 15;18435;Stralsund;101;13
AKAD Hochschule Stuttgart - staatlich anerkannt;6370;1959;0;0;Heilbronner Str. 86;70191;Stuttgart;102;8
Staatliche Akademie der Bildenden Künste Stuttgart;801;1761;1;1;Am Weißenhof 1;70191;Stuttgart;301;8
Duale Hochschule Baden-Württemberg;32647;2009;0;0;Friedrichstraße 14.;70174;Stuttgart;501;8
Hochschule für Technik Stuttgart;3945;1832;0;0;Schellingstraße 24;70174;Stuttgart;101;8
Hochschule der Medien Stuttgart;5513;1903;0;0;Nobelstraße 10;70569;Stuttgart;101;8
Hochschule für Kommunikation und Gestaltung;59;2013;0;0;Kölner Straße 38;70376;Stuttgart;102;8
Staatliche Hochschule für Musik und Darstellende Kunst Stuttgart;757;1857;1;0;Urbanstraße 25;70182;Stuttgart;301;8
Hochschule Macromedia - staatlich anerkannte Hochschule für angewandte Wissenschaften der Macromedia GmbH mit Sitz in Stuttgart;5190;2006;0;0;Naststraße 11/Im Römerkastell;70376;Stuttgart;102;8
media Akademie - Hochschule Stuttgart;13;2015;0;0;Tübinger Str. 12-16;70178;Stuttgart;102;8
Merz Akademie Hochschule für Gestaltung, Kunst und Medien, Stuttgart - Staatlich anerkannt;208;1985;0;0;Teckstraße 58;70190;Stuttgart;102;8
Universität Stuttgart;21141;1829;1;1;Keplerstraße 7;70174;Stuttgart;201;8
Freie Hochschule Stuttgart - Seminar für Waldorfpädagogik. Staatlich anerkannte wissenschaftliche Hochschule.;304;1919;0;0;Haußmannstraße 44a;70188;Stuttgart;202;8
VWA-Hochschule für berufsbegleitendes Studium;33;2013;0;0;Wolframstraße 32;70191;Stuttgart;102;8
Fachhochschule Südwestfalen;10995;2002;0;0;Baarstraße 6;58636;Iserlohn;101;5
Thüringer Fachhochschule für öffentliche Verwaltung;641;1994;0;0;Bahnhofstraße 12;99867;Gotha;401;16
Hochschule Trier - Trier University of Applied Sciences;6688;1971;0;0;Schneidershof;54293;Trier;101;7
Theologische Fakultät Trier;150;1950;1;1;Universitätsring 19;54296;Trier;203;7
Universität Trier;10518;1970;1;1;Universitätsring 15;54296;Trier;201;7
Staatliche Hochschule für Musik Trossingen;419;1944;1;0;Schultheiß-Koch-Platz 3;78647;Trossingen;301;8
Hochschule für Kirchenmusik der Evangelischen Landeskirche in Württemberg;19;1945;0;0;Gartenstraße 12;72074;Tübingen;303;8
Eberhard Karls Universität Tübingen;28239;1477;1;1;Geschwister-Scholl-Platz;72074;Tübingen;201;8
Technische Hochschule Ulm;2966;1960;0;0;Prittwitzstraße 10;89075;Ulm;101;8
Universität Ulm;9978;1967;1;1;Albert-Einstein-Allee 11;89081;Ulm;201;8
Vinzenz Pallotti University - kirchlich und staatlich anerkannte wissenschaftliche Hochschule in freier Trägerschaft;254;1896;1;1;Pallottistraße 3;56179;Vallendar;203;7
WHU - Otto Beisheim School of Management;1961;1984;1;1;Burgplatz 2;56179;Vallendar;202;7
Private Hochschule für Wirtschaft und Technik Vechta/Diepholz;517;1998;0;0;Rombergstraße 40;49377;Vechta;102;3
Universität Vechta;3714;1995;1;1;Driverstraße 22;49377;Vechta;201;3
Fachhochschule Wedel;1128;1948;0;0;Feldstraße 143;22880;Wedel;102;1
Hochschule für angewandte Wissenschaften Weihenstephan-Triesdorf;5692;1971;0;0;Am Hofgarten 4;85354;Freising;101;9
Hochschule für Musik Franz Liszt Weimar;752;1872;1;0;Platz der Demokratie 2/3;99423;Weimar;301;16
Bauhaus-Universität Weimar;3955;1860;1;1;Geschwister-Scholl-Straße 8;99423;Weimar;201;16
Pädagogische Hochschule Weingarten;3307;1949;1;1;Kirchplatz 2;88250;Weingarten;201;8
Hochschule Weserbergland;443;2010;0;0;Am Stockhof 2;31785;Hameln;102;3
Westfälische Hochschule Gelsenkirchen, Bocholt, Recklinghausen;7620;1992;0;0;Neidenburger Straße 43;45897;Gelsenkirchen;101;5
Fachhochschule Westküste, Hochschule für Wirtschaft und Technik;1572;1994;0;0;Fritz-Thiedemann-Ring 20;25746;Heide;101;1
Charlotte Fresenius Hochschule;575;2021;0;0;Moritzstr. 17a;65185;Wiesbaden;202;6
EBS Universität für Wirtschaft und Recht;1719;1971;1;1;Gustav-Stresemann-Ring 3;65189;Wiesbaden;202;6
Technische Hochschule Wildau;3357;1991;0;0;Hochschulring 1;15745;Wildau;101;12
Jade Hochschule -  Wilhelmshaven/Oldenburg/Elsfleth;6399;2009;0;0;Friedrich-Paffrath-Straße 101;26389;Wilhelmshaven;101;3
Hochschule Wismar - University of Applied Sciences: Technology, Business and Design;8048;1908;0;0;Philipp-Müller-Straße 14;23966;Wismar;101;13
Private Universität Witten/Herdecke gGmbH;3011;1982;1;1;Alfred-Herrhausen-Str. 50;58448;Witten;202;5
Hochschule Worms, University of Applied Sciences;3391;1996;0;0;Erenburgerstr. 19;67549;Worms;101;7
Kirchliche Hochschule Wuppertal;177;1935;1;1;Missionsstraße 9 a/b;42285;Wuppertal;203;5
Bergische Universität Wuppertal;21289;1972;1;1;Gaußstraße 20;42119;Wuppertal;201;5
Hochschule für Musik Würzburg;530;1804;1;0;Hofstallstraße 6-8;97070;Würzburg;301;9
Technische Hochschule Würzburg-Schweinfurt;9250;1971;0;0;Münzstraße 12;97070;Würzburg;101;9
Julius-Maximilians-Universität Würzburg;26126;1402;1;1;Sanderring 2;97070;Würzburg;201;9
Hochschule Zittau/Görlitz;2532;1992;0;0;Theodor-Körner-Allee 16;2763;Zittau;101;14
Westsächsische Hochschule Zwickau;2931;1897;0;0;Kornmarkt 1;8056;Zwickau;101;14
